,Frame,prox,dist,prox_filtered,dist_filtered
0,0,0,0,0.0,0.0
5,5,0,0,0.0,0.0
10,10,0,0,0.0,0.0
15,15,0,0,0.0,0.0
20,20,0,0,0.0,0.0
25,25,0,0,0.0,0.0
30,30,0,0,0.0,0.0
35,35,0,0,0.0,0.0
40,40,0,0,0.0,0.0
45,45,0,0,0.0,0.0
50,50,0,0,0.0,0.0
55,55,0,0,0.0,0.0
60,60,0,0,0.0,0.0
65,65,0,0,0.0,0.0
70,70,0,0,0.0,0.0
75,75,0,0,0.0,0.0
80,80,0,0,0.0,0.0
85,85,0,0,0.0,0.0
90,90,0,1,0.0,0.0
95,95,0,0,0.0,0.0
100,100,0,0,0.0,0.0
105,105,0,0,0.0,0.0
110,110,0,0,0.0,0.0
115,115,0,0,0.0,0.0
120,120,0,0,0.0,0.0
125,125,0,0,0.0,0.0
130,130,0,0,0.0,0.0
135,135,0,0,0.0,0.0
140,140,0,0,0.0,0.0
145,145,0,0,0.0,0.0
150,150,0,0,0.0,0.0
155,155,0,0,0.0,0.0
160,160,0,0,0.0,0.0
165,165,0,0,0.0,0.0
170,170,0,0,0.0,0.0
175,175,0,0,0.0,0.0
180,180,0,0,0.0,0.0
185,185,0,0,0.0,0.0
190,190,0,0,0.0,0.0
195,195,0,0,0.0,0.0
200,200,0,0,0.0,0.0
205,205,0,0,0.0,0.0
210,210,0,0,0.0,0.0
215,215,0,0,0.0,0.0
220,220,0,0,0.0,0.0
225,225,0,0,0.0,0.0
230,230,0,0,0.0,0.0
235,235,0,0,0.0,0.0
240,240,0,0,0.0,0.0
245,245,0,0,0.0,0.0
250,250,0,0,0.0,0.0
255,255,0,0,0.0,0.0
260,260,0,0,0.0,0.0
265,265,0,0,0.0,0.0
270,270,0,0,0.0,0.0
275,275,0,0,0.0,0.0
280,280,0,0,0.0,0.0
285,285,0,0,0.0,0.0
290,290,0,0,0.0,0.0
295,295,0,0,0.0,0.0
300,300,0,0,0.0,0.0
305,305,0,0,0.0,0.0
310,310,0,0,0.0,0.0
315,315,0,0,0.0,0.0
320,320,0,0,0.0,0.0
325,325,0,0,0.0,0.0
330,330,0,0,0.0,0.0
335,335,0,0,0.0,0.0
340,340,0,0,0.0,0.0
345,345,0,0,0.0,0.0
350,350,0,0,0.0,0.0
355,355,0,0,0.0,0.0
360,360,0,0,0.0,0.0
365,365,0,0,0.0,0.0
370,370,0,0,0.0,0.0
375,375,0,0,0.0,0.0
380,380,0,0,0.0,0.0
385,385,0,0,0.0,0.0
390,390,0,0,0.0,0.0
395,395,0,0,0.0,0.0
400,400,0,0,0.0,0.0
405,405,0,0,0.0,0.0
410,410,0,0,0.0,0.0
415,415,0,0,0.0,0.0
420,420,0,0,0.0,0.0
425,425,0,0,0.0,0.0
430,430,0,0,0.0,0.0
435,435,0,0,0.0,0.0
440,440,0,0,0.0,0.0
445,445,0,0,0.0,0.0
450,450,0,0,0.0,0.0
455,455,0,0,0.0,0.0
460,460,0,0,0.0,0.0
465,465,0,0,0.0,0.0
470,470,0,0,0.0,0.0
475,475,1,0,0.0,0.0
480,480,0,0,0.0,0.0
485,485,0,0,0.0,0.0
490,490,0,0,0.0,0.0
495,495,0,0,0.0,0.0
500,500,0,0,0.0,0.0
505,505,0,0,0.0,0.0
510,510,0,0,0.0,0.0
515,515,0,0,0.0,0.0
520,520,0,0,0.0,0.0
525,525,1,0,0.0,0.0
530,530,1,0,0.0,0.0
535,535,0,0,0.0,0.0
540,540,0,0,0.0,0.0
545,545,0,0,0.0,0.0
550,550,1,0,0.0,0.0
555,555,0,0,0.0,0.0
560,560,0,0,0.0,0.0
565,565,0,2,0.0,1.0
570,570,0,2,0.0,1.0
575,575,0,2,0.0,1.0
580,580,0,0,0.0,0.0
585,585,0,0,0.0,0.0
590,590,0,0,0.0,0.0
595,595,0,0,0.0,0.0
600,600,0,0,0.0,0.0
605,605,0,0,0.0,0.0
610,610,0,0,0.0,0.0
615,615,1,0,0.0,0.0
620,620,0,0,0.0,0.0
625,625,0,0,0.0,0.0
630,630,0,0,0.0,0.0
635,635,0,0,0.0,0.0
640,640,0,0,0.0,0.0
645,645,0,0,0.0,0.0
650,650,0,0,0.0,0.0
655,655,0,0,0.0,0.0
660,660,0,0,0.0,0.0
665,665,0,0,0.0,0.0
670,670,0,0,0.0,0.0
675,675,0,0,0.0,0.0
680,680,0,0,0.0,0.0
685,685,0,0,0.0,0.0
690,690,0,0,0.0,0.0
695,695,0,0,0.0,0.0
700,700,0,0,0.0,0.0
705,705,0,0,0.0,0.0
710,710,0,0,0.0,0.0
715,715,0,0,0.0,0.0
720,720,0,0,0.0,0.0
725,725,0,0,0.0,0.0
730,730,0,0,0.0,0.0
735,735,0,0,0.0,0.0
740,740,0,0,0.0,0.0
745,745,0,0,0.0,0.0
750,750,0,0,0.0,0.0
755,755,0,0,0.0,0.0
760,760,0,0,0.0,0.0
765,765,0,0,0.0,0.0
770,770,0,0,0.0,0.0
775,775,0,0,0.0,0.0
780,780,0,0,0.0,0.0
785,785,0,0,0.0,0.0
790,790,0,0,0.0,0.0
795,795,0,0,0.0,0.0
800,800,0,0,0.0,0.0
805,805,0,0,0.0,0.0
810,810,0,0,0.0,0.0
815,815,0,0,0.0,0.0
820,820,0,0,0.0,0.0
825,825,0,0,0.0,0.0
830,830,0,0,0.0,0.0
835,835,0,0,0.0,0.0
840,840,0,0,0.0,0.0
845,845,0,0,0.0,0.0
850,850,0,0,0.0,0.0
855,855,0,0,0.0,0.0
860,860,0,0,0.0,0.0
865,865,0,0,0.0,0.0
870,870,0,0,0.0,0.0
875,875,0,0,0.0,0.0
880,880,0,0,0.0,0.0
885,885,0,0,0.0,0.0
890,890,0,0,0.0,0.0
895,895,0,0,0.0,0.0
900,900,0,0,0.0,0.0
905,905,0,0,0.0,0.0
910,910,0,0,0.0,0.0
915,915,0,0,0.0,0.0
920,920,0,0,0.0,0.0
925,925,0,0,0.0,0.0
930,930,0,0,0.0,0.0
935,935,0,0,0.0,0.0
940,940,0,0,0.0,0.0
945,945,0,0,0.0,0.0
950,950,0,0,0.0,0.0
955,955,0,0,0.0,0.0
960,960,0,0,0.0,0.0
965,965,0,0,0.0,0.0
970,970,0,0,0.0,0.0
975,975,0,0,0.0,0.0
980,980,0,0,0.0,0.0
985,985,0,0,0.0,0.0
990,990,0,0,0.0,0.0
995,995,0,0,0.0,0.0
1000,1000,0,0,0.0,0.0
1005,1005,0,0,0.0,0.0
1010,1010,0,0,0.0,0.0
1015,1015,0,0,0.0,0.0
1020,1020,0,0,0.0,0.0
1025,1025,0,0,0.0,0.0
1030,1030,0,0,0.0,0.0
1035,1035,0,0,0.0,0.0
1040,1040,0,0,0.0,0.0
1045,1045,0,0,0.0,0.0
1050,1050,0,0,0.0,0.0
1055,1055,0,0,0.0,0.0
1060,1060,0,0,0.0,0.0
1065,1065,0,0,0.0,0.0
1070,1070,0,0,0.0,0.0
1075,1075,0,0,0.0,0.0
1080,1080,0,0,0.0,0.0
1085,1085,0,0,0.0,0.0
1090,1090,0,0,0.0,0.0
1095,1095,0,0,0.0,0.0
1100,1100,0,0,0.0,0.0
1105,1105,0,0,0.0,0.0
1110,1110,0,0,0.0,0.0
1115,1115,0,0,0.0,0.0
1120,1120,0,0,0.0,0.0
1125,1125,0,0,0.0,0.0
1130,1130,0,0,0.0,0.0
1135,1135,0,0,0.0,0.0
1140,1140,0,0,0.0,0.0
1145,1145,0,0,0.0,0.0
1150,1150,0,0,0.0,0.0
1155,1155,0,0,0.0,0.0
1160,1160,0,0,0.0,0.0
1165,1165,0,0,0.0,0.0
1170,1170,0,0,0.0,0.0
1175,1175,0,0,0.0,0.0
1180,1180,0,0,0.0,0.0
1185,1185,0,0,0.0,0.0
1190,1190,0,0,0.0,0.0
1195,1195,0,0,0.0,0.0
1200,1200,0,0,0.0,0.0
1205,1205,0,0,0.0,0.0
1210,1210,0,0,0.0,0.0
1215,1215,0,0,0.0,0.0
1220,1220,0,0,0.0,0.0
1225,1225,0,0,0.0,0.0
1230,1230,0,0,0.0,0.0
1235,1235,0,0,0.0,0.0
1240,1240,0,0,0.0,0.0
1245,1245,0,0,0.0,0.0
1250,1250,0,0,0.0,0.0
1255,1255,0,0,0.0,0.0
1260,1260,0,0,0.0,0.0
1265,1265,0,0,0.0,0.0
1270,1270,0,0,0.0,0.0
1275,1275,0,0,0.0,0.0
1280,1280,0,0,0.0,0.0
1285,1285,0,0,0.0,0.0
1290,1290,0,0,0.0,0.0
1295,1295,0,0,0.0,0.0
1300,1300,0,0,0.0,0.0
1305,1305,0,0,0.0,0.0
1310,1310,0,0,0.0,0.0
1315,1315,0,0,0.0,0.0
1320,1320,0,0,0.0,0.0
1325,1325,0,0,0.0,0.0
1330,1330,0,0,0.0,0.0
1335,1335,0,0,0.0,0.0
1340,1340,0,0,0.0,0.0
1345,1345,0,0,0.0,0.0
1350,1350,0,0,0.0,0.0
1355,1355,0,0,0.0,0.0
1360,1360,0,0,0.0,0.0
1365,1365,0,0,0.0,0.0
1370,1370,0,0,0.0,0.0
1375,1375,0,0,0.0,0.0
1380,1380,0,0,0.0,0.0
1385,1385,0,0,0.0,0.0
1390,1390,0,0,0.0,0.0
1395,1395,0,0,0.0,0.0
1400,1400,0,0,0.0,0.0
1405,1405,0,0,0.0,0.0
1410,1410,0,0,0.0,0.0
1415,1415,0,0,0.0,0.0
1420,1420,0,0,0.0,0.0
1425,1425,0,0,0.0,0.0
1430,1430,0,0,0.0,0.0
1435,1435,0,0,0.0,0.0
1440,1440,0,0,0.0,0.0
1445,1445,0,0,0.0,0.0
1450,1450,0,0,0.0,0.0
1455,1455,0,0,0.0,0.0
1460,1460,0,0,0.0,0.0
1465,1465,0,0,0.0,0.0
1470,1470,0,0,0.0,0.0
1475,1475,0,0,0.0,0.0
1480,1480,0,0,0.0,0.0
1485,1485,0,0,0.0,0.0
1490,1490,0,0,0.0,0.0
1495,1495,0,0,0.0,0.0
1500,1500,0,0,0.0,0.0
1505,1505,0,0,0.0,0.0
1510,1510,0,0,0.0,0.0
1515,1515,0,0,0.0,0.0
1520,1520,0,0,0.0,0.0
1525,1525,0,0,0.0,0.0
1530,1530,0,0,0.0,0.0
1535,1535,0,0,0.0,0.0
1540,1540,0,0,0.0,0.0
1545,1545,0,0,0.0,0.0
1550,1550,0,0,0.0,0.0
1555,1555,0,0,0.0,0.0
1560,1560,0,0,0.0,0.0
1565,1565,0,0,0.0,0.0
1570,1570,0,0,0.0,0.0
1575,1575,0,0,0.0,0.0
1580,1580,0,0,0.0,0.0
1585,1585,0,0,0.0,0.0
1590,1590,0,0,0.0,0.0
1595,1595,0,0,0.0,0.0
1600,1600,0,0,0.0,0.0
1605,1605,0,0,0.0,0.0
1610,1610,0,0,0.0,0.0
1615,1615,0,0,0.0,0.0
1620,1620,0,0,0.0,0.0
1625,1625,0,0,0.0,0.0
1630,1630,0,0,0.0,0.0
1635,1635,0,0,0.0,0.0
1640,1640,0,0,0.0,0.0
1645,1645,0,0,0.0,0.0
1650,1650,0,0,0.0,0.0
1655,1655,0,0,0.0,0.0
1660,1660,0,0,0.0,0.0
1665,1665,0,0,0.0,0.0
1670,1670,0,0,0.0,0.0
1675,1675,0,0,0.0,0.0
1680,1680,0,0,0.0,0.0
1685,1685,0,0,0.0,0.0
1690,1690,0,0,0.0,0.0
1695,1695,0,0,0.0,0.0
1700,1700,0,0,0.0,0.0
1705,1705,0,0,0.0,0.0
1710,1710,0,0,0.0,0.0
1715,1715,0,0,0.0,0.0
1720,1720,0,0,0.0,0.0
1725,1725,0,0,0.0,0.0
1730,1730,0,0,0.0,0.0
1735,1735,0,0,0.0,0.0
1740,1740,0,0,0.0,0.0
1745,1745,0,0,0.0,0.0
1750,1750,0,0,0.0,0.0
1755,1755,0,0,0.0,0.0
1760,1760,0,0,0.0,0.0
1765,1765,0,0,0.0,0.0
1770,1770,0,0,0.0,0.0
1775,1775,0,0,0.0,0.0
1780,1780,0,0,0.0,0.0
1785,1785,0,0,0.0,0.0
1790,1790,0,0,0.0,0.0
1795,1795,0,0,0.0,0.0
1800,1800,0,0,0.0,0.0
1805,1805,0,0,0.0,0.0
1810,1810,0,0,0.0,0.0
1815,1815,0,0,0.0,0.0
1820,1820,0,0,0.0,0.0
1825,1825,0,0,0.0,0.0
1830,1830,0,0,0.0,0.0
1835,1835,0,0,0.0,0.0
1840,1840,0,0,0.0,0.0
1845,1845,0,0,0.0,0.0
1850,1850,0,0,0.0,0.0
1855,1855,0,0,0.0,0.0
1860,1860,0,0,0.0,0.0
1865,1865,0,0,0.0,0.0
1870,1870,0,0,0.0,0.0
1875,1875,0,0,0.0,0.0
1880,1880,0,0,0.0,0.0
1885,1885,0,0,0.0,0.0
1890,1890,0,0,0.0,0.0
1895,1895,0,0,0.0,0.0
1900,1900,0,0,0.0,0.0
1905,1905,0,0,0.0,0.0
1910,1910,0,0,0.0,0.0
1915,1915,0,0,0.0,0.0
1920,1920,0,0,0.0,0.0
1925,1925,0,0,0.0,0.0
1930,1930,0,0,0.0,0.0
1935,1935,0,0,0.0,0.0
1940,1940,0,0,0.0,0.0
1945,1945,0,0,0.0,0.0
1950,1950,0,0,0.0,0.0
1955,1955,0,0,0.0,0.0
1960,1960,0,0,0.0,0.0
1965,1965,0,0,0.0,0.0
1970,1970,0,0,0.0,0.0
1975,1975,0,0,0.0,0.0
1980,1980,0,0,0.0,0.0
1985,1985,0,0,0.0,0.0
1990,1990,0,0,0.0,0.0
1995,1995,0,0,0.0,0.0
2000,2000,0,0,0.0,0.0
2005,2005,0,0,0.0,0.0
2010,2010,0,0,0.0,0.0
2015,2015,0,0,0.0,0.0
2020,2020,0,0,0.0,0.0
2025,2025,0,0,0.0,0.0
2030,2030,0,0,0.0,0.0
2035,2035,0,0,0.0,0.0
2040,2040,0,0,0.0,0.0
2045,2045,0,0,0.0,0.0
2050,2050,0,0,0.0,0.0
2055,2055,0,0,0.0,0.0
2060,2060,0,0,0.0,0.0
2065,2065,0,0,0.0,0.0
2070,2070,0,0,0.0,0.0
2075,2075,0,0,0.0,0.0
2080,2080,0,0,0.0,0.0
2085,2085,0,0,0.0,0.0
2090,2090,0,0,0.0,0.0
2095,2095,0,0,0.0,0.0
2100,2100,0,0,0.0,0.0
2105,2105,0,0,0.0,0.0
2110,2110,0,0,0.0,0.0
2115,2115,0,0,0.0,0.0
2120,2120,0,0,0.0,0.0
2125,2125,0,0,0.0,0.0
2130,2130,0,0,0.0,0.0
2135,2135,0,0,0.0,0.0
2140,2140,0,0,0.0,0.0
2145,2145,0,0,0.0,0.0
2150,2150,0,0,0.0,0.0
2155,2155,0,0,0.0,0.0
2160,2160,0,0,0.0,0.0
2165,2165,0,0,0.0,0.0
2170,2170,0,0,0.0,0.0
2175,2175,0,0,0.0,0.0
2180,2180,0,0,0.0,0.0
2185,2185,0,0,0.0,0.0
2190,2190,0,0,0.0,0.0
2195,2195,0,0,0.0,0.0
2200,2200,0,0,0.0,0.0
2205,2205,0,0,0.0,0.0
2210,2210,0,0,0.0,0.0
2215,2215,0,0,0.0,0.0
2220,2220,0,0,0.0,0.0
2225,2225,0,0,0.0,0.0
2230,2230,0,0,0.0,0.0
2235,2235,0,0,0.0,0.0
2240,2240,0,0,0.0,0.0
2245,2245,0,0,0.0,0.0
2250,2250,0,0,0.0,0.0
2255,2255,0,0,0.0,0.0
2260,2260,0,0,0.0,0.0
2265,2265,0,0,0.0,0.0
2270,2270,0,0,0.0,0.0
2275,2275,0,0,0.0,0.0
2280,2280,0,0,0.0,0.0
2285,2285,0,0,0.0,0.0
2290,2290,0,0,0.0,0.0
2295,2295,0,0,0.0,0.0
2300,2300,0,0,0.0,0.0
2305,2305,0,0,0.0,0.0
2310,2310,0,0,0.0,0.0
2315,2315,0,0,0.0,0.0
2320,2320,0,0,0.0,0.0
2325,2325,0,0,0.0,0.0
2330,2330,0,0,0.0,0.0
2335,2335,0,0,0.0,0.0
2340,2340,0,0,0.0,0.0
2345,2345,0,0,0.0,0.0
2350,2350,0,0,0.0,0.0
2355,2355,0,0,0.0,0.0
2360,2360,0,0,0.0,0.0
2365,2365,0,0,0.0,0.0
2370,2370,0,0,0.0,0.0
2375,2375,0,0,0.0,0.0
2380,2380,0,0,0.0,0.0
2385,2385,0,0,0.0,0.0
2390,2390,0,0,0.0,0.0
2395,2395,0,0,0.0,0.0
2400,2400,0,0,0.0,0.0
2405,2405,0,0,0.0,0.0
2410,2410,0,0,0.0,0.0
2415,2415,0,0,0.0,0.0
2420,2420,0,0,0.0,0.0
2425,2425,0,0,0.0,0.0
2430,2430,0,0,0.0,0.0
2435,2435,0,0,0.0,0.0
2440,2440,0,0,0.0,0.0
2445,2445,0,0,0.0,0.0
2450,2450,0,0,0.0,0.0
2455,2455,0,0,0.0,0.0
2460,2460,0,0,0.0,0.0
2465,2465,0,0,0.0,0.0
2470,2470,0,0,0.0,0.0
2475,2475,0,0,0.0,0.0
2480,2480,0,0,0.0,0.0
2485,2485,0,0,0.0,0.0
2490,2490,0,0,0.0,0.0
2495,2495,0,0,0.0,0.0
2500,2500,0,0,0.0,0.0
2505,2505,0,0,0.0,0.0
2510,2510,0,0,0.0,0.0
2515,2515,0,0,0.0,0.0
2520,2520,0,0,0.0,0.0
2525,2525,0,0,0.0,0.0
2530,2530,0,0,0.0,0.0
2535,2535,0,0,0.0,0.0
2540,2540,0,0,0.0,0.0
2545,2545,0,0,0.0,0.0
2550,2550,0,0,0.0,0.0
2555,2555,0,0,0.0,0.0
2560,2560,0,0,0.0,0.0
2565,2565,0,0,0.0,0.0
2570,2570,0,0,0.0,0.0
2575,2575,0,0,0.0,0.0
2580,2580,0,0,0.0,0.0
2585,2585,0,0,0.0,0.0
2590,2590,0,0,0.0,0.0
2595,2595,0,0,0.0,0.0
2600,2600,0,0,0.0,0.0
2605,2605,0,0,0.0,0.0
2610,2610,0,0,0.0,0.0
2615,2615,0,0,0.0,0.0
2620,2620,0,0,0.0,0.0
2625,2625,0,0,0.0,0.0
2630,2630,0,0,0.0,0.0
2635,2635,0,0,0.0,0.0
2640,2640,0,0,0.0,0.0
2645,2645,0,0,0.0,0.0
2650,2650,0,0,0.0,0.0
2655,2655,0,0,0.0,0.0
2660,2660,0,0,0.0,0.0
2665,2665,0,0,0.0,0.0
2670,2670,0,0,0.0,0.0
2675,2675,0,0,0.0,0.0
2680,2680,0,0,0.0,0.0
2685,2685,0,0,0.0,0.0
2690,2690,0,0,0.0,0.0
2695,2695,0,0,0.0,0.0
2700,2700,0,0,0.0,0.0
2705,2705,0,0,0.0,0.0
2710,2710,0,0,0.0,0.0
2715,2715,0,0,0.0,0.0
2720,2720,0,0,0.0,0.0
2725,2725,0,0,0.0,0.0
2730,2730,0,0,0.0,0.0
2735,2735,0,0,0.0,0.0
2740,2740,0,0,0.0,0.0
2745,2745,0,0,0.0,0.0
2750,2750,0,0,0.0,0.0
2755,2755,0,0,0.0,0.0
2760,2760,0,0,0.0,0.0
2765,2765,0,0,0.0,0.0
2770,2770,0,0,0.0,0.0
2775,2775,0,0,0.0,0.0
2780,2780,0,0,0.0,0.0
2785,2785,0,0,0.0,0.0
2790,2790,0,0,0.0,0.0
2795,2795,0,0,0.0,0.0
2800,2800,0,0,0.0,0.0
2805,2805,0,0,0.0,0.0
2810,2810,0,0,0.0,0.0
2815,2815,0,0,0.0,0.0
2820,2820,0,0,0.0,0.0
2825,2825,0,0,0.0,0.0
2830,2830,0,0,0.0,0.0
2835,2835,0,0,0.0,0.0
2840,2840,0,0,0.0,0.0
2845,2845,0,0,0.0,0.0
2850,2850,0,0,0.0,0.0
2855,2855,0,0,0.0,0.0
2860,2860,0,0,0.0,0.0
2865,2865,0,0,0.0,0.0
2870,2870,0,0,0.0,0.0
2875,2875,0,0,0.0,0.0
2880,2880,0,0,0.0,0.0
2885,2885,0,0,0.0,0.0
2890,2890,0,0,0.0,0.0
2895,2895,0,0,0.0,0.0
2900,2900,0,0,0.0,0.0
2905,2905,0,0,0.0,0.0
2910,2910,0,0,0.0,0.0
2915,2915,0,0,0.0,0.0
2920,2920,0,0,0.0,0.0
2925,2925,0,0,0.0,0.0
2930,2930,0,0,0.0,0.0
2935,2935,0,0,0.0,0.0
2940,2940,0,0,0.0,0.0
2945,2945,0,0,0.0,0.0
2950,2950,0,0,0.0,0.0
2955,2955,0,0,0.0,0.0
2960,2960,0,0,0.0,0.0
2965,2965,0,0,0.0,0.0
2970,2970,0,0,0.0,0.0
2975,2975,0,0,0.0,0.0
2980,2980,0,0,0.0,0.0
2985,2985,0,0,0.0,0.0
2990,2990,0,0,0.0,0.0
2995,2995,0,0,0.0,0.0
3000,3000,0,0,0.0,0.0
3005,3005,0,0,0.0,0.0
3010,3010,0,0,0.0,0.0
3015,3015,0,0,0.0,0.0
3020,3020,0,0,0.0,0.0
3025,3025,0,0,0.0,0.0
3030,3030,0,0,0.0,0.0
3035,3035,0,0,0.0,0.0
3040,3040,0,0,0.0,0.0
3045,3045,0,0,0.0,0.0
3050,3050,0,0,0.0,0.0
3055,3055,0,0,0.0,0.0
3060,3060,0,0,0.0,0.0
3065,3065,0,0,0.0,0.0
3070,3070,0,0,0.0,0.0
3075,3075,0,0,0.0,0.0
3080,3080,0,0,0.0,0.0
3085,3085,0,0,0.0,0.0
3090,3090,0,0,0.0,0.0
3095,3095,0,0,0.0,0.0
3100,3100,0,0,0.0,0.0
3105,3105,0,0,0.0,0.0
3110,3110,0,0,0.0,0.0
3115,3115,0,0,0.0,0.0
3120,3120,0,0,0.0,0.0
3125,3125,0,0,0.0,0.0
3130,3130,0,0,0.0,0.0
3135,3135,0,0,0.0,0.0
3140,3140,0,0,0.0,0.0
3145,3145,0,0,0.0,0.0
3150,3150,0,0,0.0,0.0
3155,3155,0,0,0.0,0.0
3160,3160,0,0,0.0,0.0
3165,3165,0,0,0.0,0.0
3170,3170,0,0,0.0,0.0
3175,3175,0,0,0.0,0.0
3180,3180,0,0,0.0,0.0
3185,3185,0,0,0.0,0.0
3190,3190,0,0,0.0,0.0
3195,3195,0,0,0.0,0.0
3200,3200,0,0,0.0,0.0
3205,3205,0,0,0.0,0.0
3210,3210,0,0,0.0,0.0
3215,3215,0,0,0.0,0.0
3220,3220,0,0,0.0,0.0
3225,3225,0,0,0.0,0.0
3230,3230,0,0,0.0,0.0
3235,3235,0,0,0.0,0.0
3240,3240,0,0,0.0,0.0
3245,3245,0,0,0.0,0.0
3250,3250,0,0,0.0,0.0
3255,3255,0,0,0.0,0.0
3260,3260,0,0,0.0,0.0
3265,3265,0,0,0.0,0.0
3270,3270,0,0,0.0,0.0
3275,3275,0,0,0.0,0.0
3280,3280,0,0,0.0,0.0
3285,3285,0,0,0.0,0.0
3290,3290,0,0,0.0,0.0
3295,3295,0,0,0.0,0.0
3300,3300,0,0,0.0,0.0
3305,3305,0,0,0.0,0.0
3310,3310,0,0,0.0,0.0
3315,3315,0,0,0.0,0.0
3320,3320,0,0,0.0,0.0
3325,3325,0,0,0.0,0.0
3330,3330,0,0,0.0,0.0
3335,3335,0,0,0.0,0.0
3340,3340,0,0,0.0,0.0
3345,3345,0,0,0.0,0.0
3350,3350,0,0,0.0,0.0
3355,3355,0,0,0.0,0.0
3360,3360,0,0,0.0,0.0
3365,3365,0,0,0.0,0.0
3370,3370,0,0,0.0,0.0
3375,3375,0,0,0.0,0.0
3380,3380,0,0,0.0,0.0
3385,3385,0,0,0.0,0.0
3390,3390,0,0,0.0,0.0
3395,3395,0,0,0.0,0.0
3400,3400,0,0,0.0,0.0
3405,3405,0,0,0.0,0.0
3410,3410,0,0,0.0,0.0
3415,3415,0,0,0.0,0.0
3420,3420,0,0,0.0,0.0
3425,3425,0,0,0.0,0.0
3430,3430,0,0,0.0,0.0
3435,3435,0,0,0.0,0.0
3440,3440,0,0,0.0,0.0
3445,3445,0,0,0.0,0.0
3450,3450,0,0,0.0,0.0
3455,3455,0,0,0.0,0.0
3460,3460,0,0,0.0,0.0
3465,3465,0,0,0.0,0.0
3470,3470,0,0,0.0,0.0
3475,3475,0,0,0.0,0.0
3480,3480,0,0,0.0,0.0
3485,3485,0,0,0.0,0.0
3490,3490,0,0,0.0,0.0
3495,3495,0,0,0.0,0.0
3500,3500,0,0,0.0,0.0
3505,3505,0,0,0.0,0.0
3510,3510,0,0,0.0,0.0
3515,3515,0,0,0.0,0.0
3520,3520,0,0,0.0,0.0
3525,3525,0,0,0.0,0.0
3530,3530,0,0,0.0,0.0
3535,3535,0,0,0.0,0.0
3540,3540,0,0,0.0,0.0
3545,3545,0,0,0.0,0.0
3550,3550,0,0,0.0,0.0
3555,3555,0,0,0.0,0.0
3560,3560,0,0,0.0,0.0
3565,3565,0,0,0.0,0.0
3570,3570,0,0,0.0,0.0
3575,3575,0,0,0.0,0.0
3580,3580,0,0,0.0,0.0
3585,3585,0,0,0.0,0.0
3590,3590,0,0,0.0,0.0
3595,3595,0,0,0.0,0.0
3600,3600,0,0,0.0,0.0
3605,3605,0,0,0.0,0.0
3610,3610,0,0,0.0,0.0
3615,3615,0,0,0.0,0.0
3620,3620,0,0,0.0,0.0
3625,3625,0,0,0.0,0.0
3630,3630,0,0,0.0,0.0
3635,3635,0,0,0.0,0.0
3640,3640,0,0,0.0,0.0
3645,3645,0,0,0.0,0.0
3650,3650,0,0,0.0,0.0
3655,3655,0,0,0.0,0.0
3660,3660,0,0,0.0,0.0
3665,3665,0,0,0.0,0.0
3670,3670,0,0,0.0,0.0
3675,3675,0,0,0.0,0.0
3680,3680,0,0,0.0,0.0
3685,3685,0,0,0.0,0.0
3690,3690,0,0,0.0,0.0
3695,3695,0,0,0.0,0.0
3700,3700,0,0,0.0,0.0
3705,3705,0,0,0.0,0.0
3710,3710,0,0,0.0,0.0
3715,3715,0,0,0.0,0.0
3720,3720,0,0,0.0,0.0
3725,3725,0,0,0.0,0.0
3730,3730,0,0,0.0,0.0
3735,3735,0,0,0.0,0.0
3740,3740,0,0,0.0,0.0
3745,3745,0,0,0.0,0.0
3750,3750,0,0,0.0,0.0
3755,3755,0,0,0.0,0.0
3760,3760,0,0,0.0,0.0
3765,3765,0,0,0.0,0.0
3770,3770,0,0,0.0,0.0
3775,3775,0,0,0.0,0.0
3780,3780,0,0,0.0,0.0
3785,3785,0,0,0.0,0.0
3790,3790,0,0,0.0,0.0
3795,3795,0,0,0.0,0.0
3800,3800,0,0,0.0,0.0
3805,3805,0,0,0.0,0.0
3810,3810,0,0,0.0,0.0
3815,3815,0,0,0.0,0.0
3820,3820,0,0,0.0,0.0
3825,3825,0,0,0.0,0.0
3830,3830,0,0,0.0,0.0
3835,3835,0,0,0.0,0.0
3840,3840,0,0,0.0,0.0
3845,3845,0,0,0.0,0.0
3850,3850,0,0,0.0,0.0
3855,3855,0,0,0.0,0.0
3860,3860,0,0,0.0,0.0
3865,3865,0,0,0.0,0.0
3870,3870,0,0,0.0,0.0
3875,3875,0,0,0.0,0.0
3880,3880,0,0,0.0,0.0
3885,3885,0,0,0.0,0.0
3890,3890,0,0,0.0,0.0
3895,3895,0,0,0.0,0.0
3900,3900,0,0,0.0,0.0
3905,3905,0,0,0.0,0.0
3910,3910,0,0,0.0,0.0
3915,3915,0,0,0.0,0.0
3920,3920,0,0,0.0,0.0
3925,3925,0,0,0.0,0.0
3930,3930,0,0,0.0,0.0
3935,3935,0,0,0.0,0.0
3940,3940,0,0,0.0,0.0
3945,3945,0,0,0.0,0.0
3950,3950,0,0,0.0,0.0
3955,3955,0,0,0.0,0.0
3960,3960,0,0,0.0,0.0
3965,3965,0,0,0.0,0.0
3970,3970,0,0,0.0,0.0
3975,3975,0,0,0.0,0.0
3980,3980,0,0,0.0,0.0
3985,3985,0,0,0.0,0.0
3990,3990,0,0,0.0,0.0
3995,3995,0,0,0.0,0.0
4000,4000,0,0,0.0,0.0
4005,4005,0,0,0.0,0.0
4010,4010,0,0,0.0,0.0
4015,4015,0,0,0.0,0.0
4020,4020,0,0,0.0,0.0
4025,4025,0,0,0.0,0.0
4030,4030,0,0,0.0,0.0
4035,4035,0,0,0.0,0.0
4040,4040,0,0,0.0,0.0
4045,4045,0,0,0.0,0.0
4050,4050,0,0,0.0,0.0
4055,4055,0,0,0.0,0.0
4060,4060,0,0,0.0,0.0
4065,4065,0,0,0.0,0.0
4070,4070,0,0,0.0,0.0
4075,4075,0,0,0.0,0.0
4080,4080,0,0,0.0,0.0
4085,4085,0,0,0.0,0.0
4090,4090,0,0,0.0,0.0
4095,4095,0,0,0.0,0.0
4100,4100,0,0,0.0,0.0
4105,4105,0,0,0.0,0.0
4110,4110,0,0,0.0,0.0
4115,4115,0,0,0.0,0.0
4120,4120,0,0,0.0,0.0
4125,4125,0,0,0.0,0.0
4130,4130,0,0,0.0,0.0
4135,4135,0,0,0.0,0.0
4140,4140,0,0,0.0,0.0
4145,4145,0,0,0.0,0.0
4150,4150,0,0,0.0,0.0
4155,4155,0,0,0.0,0.0
4160,4160,0,0,0.0,0.0
4165,4165,0,0,0.0,0.0
4170,4170,0,0,0.0,0.0
4175,4175,0,0,0.0,0.0
4180,4180,0,0,0.0,0.0
4185,4185,0,0,0.0,0.0
4190,4190,0,0,0.0,0.0
4195,4195,0,0,0.0,0.0
4200,4200,0,0,0.0,0.0
4205,4205,0,0,0.0,0.0
4210,4210,0,0,0.0,0.0
4215,4215,0,0,0.0,0.0
4220,4220,0,0,0.0,0.0
4225,4225,0,0,0.0,0.0
4230,4230,0,0,0.0,0.0
4235,4235,0,0,0.0,0.0
4240,4240,0,0,0.0,0.0
4245,4245,0,0,0.0,0.0
4250,4250,0,0,0.0,0.0
4255,4255,0,0,0.0,0.0
4260,4260,0,0,0.0,0.0
4265,4265,0,0,0.0,0.0
4270,4270,0,0,0.0,0.0
4275,4275,0,0,0.0,0.0
4280,4280,0,0,0.0,0.0
4285,4285,0,0,0.0,0.0
4290,4290,0,0,0.0,0.0
4295,4295,0,0,0.0,0.0
4300,4300,0,0,0.0,0.0
4305,4305,0,0,0.0,0.0
4310,4310,0,0,0.0,0.0
4315,4315,0,0,0.0,0.0
4320,4320,0,0,0.0,0.0
4325,4325,0,0,0.0,0.0
4330,4330,0,0,0.0,0.0
4335,4335,0,0,0.0,0.0
4340,4340,0,0,0.0,0.0
4345,4345,0,0,0.0,0.0
4350,4350,0,0,0.0,0.0
4355,4355,0,0,0.0,0.0
4360,4360,0,0,0.0,0.0
4365,4365,0,0,0.0,0.0
4370,4370,0,0,0.0,0.0
4375,4375,0,0,0.0,0.0
4380,4380,0,0,0.0,0.0
4385,4385,0,0,0.0,0.0
4390,4390,0,0,0.0,0.0
4395,4395,0,0,0.0,0.0
4400,4400,0,0,0.0,0.0
4405,4405,0,0,0.0,0.0
4410,4410,0,0,0.0,0.0
4415,4415,0,0,0.0,0.0
4420,4420,0,0,0.0,0.0
4425,4425,0,0,0.0,0.0
4430,4430,0,0,0.0,0.0
4435,4435,0,0,0.0,0.0
4440,4440,0,0,0.0,0.0
4445,4445,0,0,0.0,0.0
4450,4450,0,0,0.0,0.0
4455,4455,0,0,0.0,0.0
4460,4460,0,0,0.0,0.0
4465,4465,0,0,0.0,0.0
4470,4470,0,0,0.0,0.0
4475,4475,0,0,0.0,0.0
4480,4480,0,0,0.0,0.0
4485,4485,0,0,0.0,0.0
4490,4490,0,0,0.0,0.0
4495,4495,0,0,0.0,0.0
4500,4500,0,0,0.0,0.0
4505,4505,0,0,0.0,0.0
4510,4510,0,0,0.0,0.0
4515,4515,0,0,0.0,0.0
4520,4520,0,0,0.0,0.0
4525,4525,0,0,0.0,0.0
4530,4530,0,0,0.0,0.0
4535,4535,0,0,0.0,0.0
4540,4540,0,0,0.0,0.0
4545,4545,0,0,0.0,0.0
4550,4550,0,0,0.0,0.0
4555,4555,0,0,0.0,0.0
4560,4560,0,0,0.0,0.0
4565,4565,0,0,0.0,0.0
4570,4570,0,0,0.0,0.0
4575,4575,0,0,0.0,0.0
4580,4580,0,0,0.0,0.0
4585,4585,0,0,0.0,0.0
4590,4590,0,0,0.0,0.0
4595,4595,0,0,0.0,0.0
4600,4600,0,0,0.0,0.0
4605,4605,0,0,0.0,0.0
4610,4610,0,0,0.0,0.0
4615,4615,0,0,0.0,0.0
4620,4620,0,0,0.0,0.0
4625,4625,0,0,0.0,0.0
4630,4630,0,0,0.0,0.0
4635,4635,0,0,0.0,0.0
4640,4640,0,0,0.0,0.0
4645,4645,0,0,0.0,0.0
4650,4650,0,0,0.0,0.0
4655,4655,0,0,0.0,0.0
4660,4660,0,0,0.0,0.0
4665,4665,0,0,0.0,0.0
4670,4670,0,0,0.0,0.0
4675,4675,0,0,0.0,0.0
4680,4680,0,0,0.0,0.0
4685,4685,0,0,0.0,0.0
4690,4690,0,0,0.0,0.0
4695,4695,0,0,0.0,0.0
4700,4700,0,0,0.0,0.0
4705,4705,0,0,0.0,0.0
4710,4710,0,0,0.0,0.0
4715,4715,0,0,0.0,0.0
4720,4720,0,0,0.0,0.0
4725,4725,0,0,0.0,0.0
4730,4730,0,0,0.0,0.0
4735,4735,0,0,0.0,0.0
4740,4740,0,0,0.0,0.0
4745,4745,0,0,0.0,0.0
4750,4750,0,0,0.0,0.0
4755,4755,0,0,0.0,0.0
4760,4760,0,0,0.0,0.0
4765,4765,0,0,0.0,0.0
4770,4770,0,0,0.0,0.0
4775,4775,0,0,0.0,0.0
4780,4780,0,0,0.0,0.0
4785,4785,0,0,0.0,0.0
4790,4790,0,0,0.0,0.0
4795,4795,0,0,0.0,0.0
4800,4800,0,0,0.0,0.0
4805,4805,0,0,0.0,0.0
4810,4810,0,0,0.0,0.0
4815,4815,0,0,0.0,0.0
4820,4820,0,0,0.0,0.0
4825,4825,0,0,0.0,0.0
4830,4830,0,0,0.0,0.0
4835,4835,0,0,0.0,0.0
4840,4840,0,0,0.0,0.0
4845,4845,0,0,0.0,0.0
4850,4850,0,0,0.0,0.0
4855,4855,0,0,0.0,0.0
4860,4860,0,0,0.0,0.0
4865,4865,0,0,0.0,0.0
4870,4870,0,0,0.0,0.0
4875,4875,0,0,0.0,0.0
4880,4880,0,0,0.0,0.0
4885,4885,0,0,0.0,0.0
4890,4890,0,0,0.0,0.0
4895,4895,0,0,0.0,0.0
4900,4900,0,0,0.0,0.0
4905,4905,0,0,0.0,0.0
4910,4910,0,0,0.0,0.0
4915,4915,0,0,0.0,0.0
4920,4920,0,0,0.0,0.0
4925,4925,0,0,0.0,0.0
4930,4930,0,0,0.0,0.0
4935,4935,0,0,0.0,0.0
4940,4940,0,0,0.0,0.0
4945,4945,0,0,0.0,0.0
4950,4950,0,0,0.0,0.0
4955,4955,0,0,0.0,0.0
4960,4960,0,0,0.0,0.0
4965,4965,0,0,0.0,0.0
4970,4970,0,0,0.0,0.0
4975,4975,0,0,0.0,0.0
4980,4980,0,0,0.0,0.0
4985,4985,0,0,0.0,0.0
4990,4990,0,0,0.0,0.0
4995,4995,0,0,0.0,0.0
5000,5000,0,0,0.0,0.0
5005,5005,0,0,0.0,0.0
5010,5010,0,0,0.0,0.0
5015,5015,0,0,0.0,0.0
5020,5020,0,0,0.0,0.0
5025,5025,0,0,0.0,0.0
5030,5030,0,0,0.0,0.0
5035,5035,0,0,0.0,0.0
5040,5040,0,0,0.0,0.0
5045,5045,0,0,0.0,0.0
5050,5050,0,0,0.0,0.0
5055,5055,0,0,0.0,0.0
5060,5060,0,0,0.0,0.0
5065,5065,0,0,0.0,0.0
5070,5070,0,0,0.0,0.0
5075,5075,0,0,0.0,0.0
5080,5080,0,0,0.0,0.0
5085,5085,0,0,0.0,0.0
5090,5090,0,0,0.0,0.0
5095,5095,0,0,0.0,0.0
5100,5100,0,0,0.0,0.0
5105,5105,0,0,0.0,0.0
5110,5110,0,0,0.0,0.0
5115,5115,0,0,0.0,0.0
5120,5120,0,0,0.0,0.0
5125,5125,0,0,0.0,0.0
5130,5130,0,0,0.0,0.0
5135,5135,0,0,0.0,0.0
5140,5140,0,0,0.0,0.0
5145,5145,0,0,0.0,0.0
5150,5150,0,0,0.0,0.0
5155,5155,0,0,0.0,0.0
5160,5160,0,0,0.0,0.0
5165,5165,0,0,0.0,0.0
5170,5170,0,0,0.0,0.0
5175,5175,0,0,0.0,0.0
5180,5180,0,0,0.0,0.0
5185,5185,0,0,0.0,0.0
5190,5190,0,0,0.0,0.0
5195,5195,0,0,0.0,0.0
5200,5200,0,0,0.0,0.0
5205,5205,0,0,0.0,0.0
5210,5210,0,0,0.0,0.0
5215,5215,0,0,0.0,0.0
5220,5220,0,0,0.0,0.0
5225,5225,0,0,0.0,0.0
5230,5230,0,0,0.0,0.0
5235,5235,0,0,0.0,0.0
5240,5240,0,0,0.0,0.0
5245,5245,0,0,0.0,0.0
5250,5250,0,0,0.0,0.0
5255,5255,0,0,0.0,0.0
5260,5260,0,0,0.0,0.0
5265,5265,0,0,0.0,0.0
5270,5270,0,0,0.0,0.0
5275,5275,0,0,0.0,0.0
5280,5280,0,0,0.0,0.0
5285,5285,0,0,0.0,0.0
5290,5290,0,0,0.0,0.0
5295,5295,0,0,0.0,0.0
5300,5300,0,0,0.0,0.0
5305,5305,0,0,0.0,0.0
5310,5310,0,0,0.0,0.0
5315,5315,0,0,0.0,0.0
5320,5320,0,0,0.0,0.0
5325,5325,0,0,0.0,0.0
5330,5330,0,0,0.0,0.0
5335,5335,0,0,0.0,0.0
5340,5340,0,0,0.0,0.0
5345,5345,0,0,0.0,0.0
5350,5350,0,0,0.0,0.0
5355,5355,0,0,0.0,0.0
5360,5360,0,0,0.0,0.0
5365,5365,0,0,0.0,0.0
5370,5370,0,0,0.0,0.0
5375,5375,0,0,0.0,0.0
5380,5380,0,0,0.0,0.0
5385,5385,0,0,0.0,0.0
5390,5390,0,0,0.0,0.0
5395,5395,0,0,0.0,0.0
5400,5400,0,0,0.0,0.0
5405,5405,0,0,0.0,0.0
5410,5410,0,0,0.0,0.0
5415,5415,0,0,0.0,0.0
5420,5420,0,0,0.0,0.0
5425,5425,0,0,0.0,0.0
5430,5430,0,0,0.0,0.0
5435,5435,0,0,0.0,0.0
5440,5440,0,0,0.0,0.0
5445,5445,0,0,0.0,0.0
5450,5450,0,0,0.0,0.0
5455,5455,0,0,0.0,0.0
5460,5460,0,0,0.0,0.0
5465,5465,0,0,0.0,0.0
5470,5470,0,0,0.0,0.0
5475,5475,0,0,0.0,0.0
5480,5480,0,0,0.0,0.0
5485,5485,0,0,0.0,0.0
5490,5490,0,0,0.0,0.0
5495,5495,0,0,0.0,0.0
5500,5500,0,0,0.0,0.0
5505,5505,0,0,0.0,0.0
5510,5510,0,0,0.0,0.0
5515,5515,0,0,0.0,0.0
5520,5520,0,0,0.0,0.0
5525,5525,0,0,0.0,0.0
5530,5530,0,0,0.0,0.0
5535,5535,0,0,0.0,0.0
5540,5540,0,0,0.0,0.0
5545,5545,0,0,0.0,0.0
5550,5550,0,0,0.0,0.0
5555,5555,0,0,0.0,0.0
5560,5560,0,0,0.0,0.0
5565,5565,0,0,0.0,0.0
5570,5570,0,0,0.0,0.0
5575,5575,0,0,0.0,0.0
5580,5580,0,0,0.0,0.0
5585,5585,0,0,0.0,0.0
5590,5590,0,0,0.0,0.0
5595,5595,0,0,0.0,0.0
5600,5600,0,0,0.0,0.0
5605,5605,0,0,0.0,0.0
5610,5610,0,0,0.0,0.0
5615,5615,0,0,0.0,0.0
5620,5620,0,0,0.0,0.0
5625,5625,0,0,0.0,0.0
5630,5630,0,0,0.0,0.0
5635,5635,0,0,0.0,0.0
5640,5640,0,0,0.0,0.0
5645,5645,0,0,0.0,0.0
5650,5650,0,0,0.0,0.0
5655,5655,0,0,0.0,0.0
5660,5660,0,0,0.0,0.0
5665,5665,0,0,0.0,0.0
5670,5670,0,0,0.0,0.0
5675,5675,0,0,0.0,0.0
5680,5680,0,0,0.0,0.0
5685,5685,0,0,0.0,0.0
5690,5690,0,0,0.0,0.0
5695,5695,0,0,0.0,0.0
5700,5700,0,0,0.0,0.0
5705,5705,0,0,0.0,0.0
5710,5710,0,0,0.0,0.0
5715,5715,0,0,0.0,0.0
5720,5720,0,0,0.0,0.0
5725,5725,0,0,0.0,0.0
5730,5730,0,0,0.0,0.0
5735,5735,0,0,0.0,0.0
5740,5740,0,0,0.0,0.0
5745,5745,0,0,0.0,0.0
5750,5750,0,0,0.0,0.0
5755,5755,0,0,0.0,0.0
5760,5760,0,0,0.0,0.0
5765,5765,0,0,0.0,0.0
5770,5770,0,0,0.0,0.0
5775,5775,0,0,0.0,0.0
5780,5780,0,0,0.0,0.0
5785,5785,0,0,0.0,0.0
5790,5790,0,0,0.0,0.0
5795,5795,0,0,0.0,0.0
5800,5800,0,0,0.0,0.0
5805,5805,0,0,0.0,0.0
5810,5810,0,0,0.0,0.0
5815,5815,0,0,0.0,0.0
5820,5820,0,0,0.0,0.0
5825,5825,0,0,0.0,0.0
5830,5830,0,0,0.0,0.0
5835,5835,0,0,0.0,0.0
5840,5840,0,0,0.0,0.0
5845,5845,0,0,0.0,0.0
5850,5850,0,0,0.0,0.0
5855,5855,0,0,0.0,0.0
5860,5860,0,0,0.0,0.0
5865,5865,0,0,0.0,0.0
5870,5870,0,0,0.0,0.0
5875,5875,0,0,0.0,0.0
5880,5880,0,0,0.0,0.0
5885,5885,0,0,0.0,0.0
5890,5890,0,0,0.0,0.0
5895,5895,0,0,0.0,0.0
5900,5900,0,0,0.0,0.0
5905,5905,0,0,0.0,0.0
5910,5910,0,0,0.0,0.0
5915,5915,0,0,0.0,0.0
5920,5920,0,0,0.0,0.0
5925,5925,0,0,0.0,0.0
5930,5930,0,0,0.0,0.0
5935,5935,0,0,0.0,0.0
5940,5940,0,0,0.0,0.0
5945,5945,0,0,0.0,0.0
5950,5950,0,0,0.0,0.0
5955,5955,0,0,0.0,0.0
5960,5960,0,0,0.0,0.0
5965,5965,0,0,0.0,0.0
5970,5970,0,0,0.0,0.0
5975,5975,0,0,0.0,0.0
5980,5980,0,0,0.0,0.0
5985,5985,0,0,0.0,0.0
5990,5990,0,0,0.0,0.0
5995,5995,0,0,0.0,0.0
6000,6000,0,0,0.0,0.0
6005,6005,0,0,0.0,0.0
6010,6010,0,0,0.0,0.0
6015,6015,0,0,0.0,0.0
6020,6020,0,0,0.0,0.0
6025,6025,0,0,0.0,0.0
6030,6030,0,0,0.0,0.0
6035,6035,0,0,0.0,0.0
6040,6040,0,0,0.0,0.0
6045,6045,0,0,0.0,0.0
6050,6050,0,0,0.0,0.0
6055,6055,0,0,0.0,0.0
6060,6060,0,0,0.0,0.0
6065,6065,0,0,0.0,0.0
6070,6070,0,0,0.0,0.0
6075,6075,0,0,0.0,0.0
6080,6080,0,0,0.0,0.0
6085,6085,0,0,0.0,0.0
6090,6090,0,0,0.0,0.0
6095,6095,0,0,0.0,0.0
6100,6100,0,0,0.0,0.0
6105,6105,0,0,0.0,0.0
6110,6110,0,0,0.0,0.0
6115,6115,0,0,0.0,0.0
6120,6120,0,0,0.0,0.0
6125,6125,0,0,0.0,0.0
6130,6130,0,0,0.0,0.0
6135,6135,0,0,0.0,0.0
6140,6140,0,0,0.0,0.0
6145,6145,0,0,0.0,0.0
6150,6150,0,0,0.0,0.0
6155,6155,0,0,0.0,0.0
6160,6160,0,0,0.0,0.0
6165,6165,0,0,0.0,0.0
6170,6170,0,0,0.0,0.0
6175,6175,0,0,0.0,0.0
6180,6180,0,0,0.0,0.0
6185,6185,0,0,0.0,0.0
6190,6190,0,0,0.0,0.0
6195,6195,0,0,0.0,0.0
6200,6200,0,0,0.0,0.0
6205,6205,0,0,0.0,0.0
6210,6210,0,0,0.0,0.0
6215,6215,0,0,0.0,0.0
6220,6220,0,0,0.0,0.0
6225,6225,0,0,0.0,0.0
6230,6230,0,0,0.0,0.0
6235,6235,0,0,0.0,0.0
6240,6240,0,0,0.0,0.0
6245,6245,0,0,0.0,0.0
6250,6250,0,0,0.0,0.0
6255,6255,0,0,0.0,0.0
6260,6260,0,0,0.0,0.0
6265,6265,0,0,0.0,0.0
6270,6270,0,0,0.0,0.0
6275,6275,0,0,0.0,0.0
6280,6280,0,0,0.0,0.0
6285,6285,0,0,0.0,0.0
6290,6290,0,0,0.0,0.0
6295,6295,0,0,0.0,0.0
6300,6300,0,0,0.0,0.0
6305,6305,0,0,0.0,0.0
6310,6310,0,0,0.0,0.0
6315,6315,0,0,0.0,0.0
6320,6320,0,0,0.0,0.0
6325,6325,0,0,0.0,0.0
6330,6330,0,0,0.0,0.0
6335,6335,0,0,0.0,0.0
6340,6340,0,0,0.0,0.0
6345,6345,0,0,0.0,0.0
6350,6350,0,0,0.0,0.0
6355,6355,0,0,0.0,0.0
6360,6360,0,0,0.0,0.0
6365,6365,0,0,0.0,0.0
6370,6370,0,0,0.0,0.0
6375,6375,0,0,0.0,0.0
6380,6380,0,0,0.0,0.0
6385,6385,0,0,0.0,0.0
6390,6390,0,0,0.0,0.0
6395,6395,0,0,0.0,0.0
6400,6400,0,0,0.0,0.0
6405,6405,0,0,0.0,0.0
6410,6410,0,0,0.0,0.0
6415,6415,0,0,0.0,0.0
6420,6420,0,0,0.0,0.0
6425,6425,0,0,0.0,0.0
6430,6430,0,0,0.0,0.0
6435,6435,0,0,0.0,0.0
6440,6440,0,0,0.0,0.0
6445,6445,0,0,0.0,0.0
6450,6450,0,0,0.0,0.0
6455,6455,0,0,0.0,0.0
6460,6460,0,0,0.0,0.0
6465,6465,0,0,0.0,0.0
6470,6470,0,0,0.0,0.0
6475,6475,0,0,0.0,0.0
6480,6480,0,0,0.0,0.0
6485,6485,0,0,0.0,0.0
6490,6490,0,0,0.0,0.0
6495,6495,0,0,0.0,0.0
6500,6500,0,0,0.0,0.0
6505,6505,0,0,0.0,0.0
6510,6510,0,0,0.0,0.0
6515,6515,0,0,0.0,0.0
6520,6520,0,0,0.0,0.0
6525,6525,0,0,0.0,0.0
6530,6530,0,0,0.0,0.0
6535,6535,0,0,0.0,0.0
6540,6540,0,0,0.0,0.0
6545,6545,0,0,0.0,0.0
6550,6550,0,0,0.0,0.0
6555,6555,0,0,0.0,0.0
6560,6560,0,0,0.0,0.0
6565,6565,0,0,0.0,0.0
6570,6570,0,0,0.0,0.0
6575,6575,0,0,0.0,0.0
6580,6580,0,0,0.0,0.0
6585,6585,0,0,0.0,0.0
6590,6590,0,0,0.0,0.0
6595,6595,0,0,0.0,0.0
6600,6600,0,0,0.0,0.0
6605,6605,0,0,0.0,0.0
6610,6610,0,0,0.0,0.0
6615,6615,0,0,0.0,0.0
6620,6620,0,0,0.0,0.0
6625,6625,0,0,0.0,0.0
6630,6630,0,0,0.0,0.0
6635,6635,0,0,0.0,0.0
6640,6640,0,0,0.0,0.0
6645,6645,0,0,0.0,0.0
6650,6650,0,0,0.0,0.0
6655,6655,0,0,0.0,0.0
6660,6660,0,0,0.0,0.0
6665,6665,0,0,0.0,0.0
6670,6670,0,0,0.0,0.0
6675,6675,0,0,0.0,0.0
6680,6680,0,0,0.0,0.0
6685,6685,0,0,0.0,0.0
6690,6690,0,0,0.0,0.0
6695,6695,0,0,0.0,0.0
6700,6700,0,0,0.0,0.0
6705,6705,0,0,0.0,0.0
6710,6710,0,0,0.0,0.0
6715,6715,0,0,0.0,0.0
6720,6720,0,0,0.0,0.0
6725,6725,0,0,0.0,0.0
6730,6730,0,0,0.0,0.0
6735,6735,0,0,0.0,0.0
6740,6740,0,0,0.0,0.0
6745,6745,0,0,0.0,0.0
6750,6750,0,0,0.0,0.0
6755,6755,0,0,0.0,0.0
6760,6760,0,0,0.0,0.0
6765,6765,0,0,0.0,0.0
6770,6770,0,0,0.0,0.0
6775,6775,0,0,0.0,0.0
6780,6780,0,0,0.0,0.0
6785,6785,0,0,0.0,0.0
6790,6790,0,0,0.0,0.0
6795,6795,0,0,0.0,0.0
6800,6800,0,0,0.0,0.0
6805,6805,0,0,0.0,0.0
6810,6810,0,0,0.0,0.0
6815,6815,0,0,0.0,0.0
6820,6820,0,0,0.0,0.0
6825,6825,0,0,0.0,0.0
6830,6830,0,0,0.0,0.0
6835,6835,0,0,0.0,0.0
6840,6840,0,0,0.0,0.0
6845,6845,0,0,0.0,0.0
6850,6850,0,0,0.0,0.0
6855,6855,0,0,0.0,0.0
6860,6860,0,0,0.0,0.0
6865,6865,0,0,0.0,0.0
6870,6870,0,0,0.0,0.0
6875,6875,0,0,0.0,0.0
6880,6880,0,0,0.0,0.0
6885,6885,0,0,0.0,0.0
6890,6890,0,0,0.0,0.0
6895,6895,0,0,0.0,0.0
6900,6900,0,0,0.0,0.0
6905,6905,0,0,0.0,0.0
6910,6910,0,0,0.0,0.0
6915,6915,0,0,0.0,0.0
6920,6920,0,0,0.0,0.0
6925,6925,0,0,0.0,0.0
6930,6930,0,0,0.0,0.0
6935,6935,0,0,0.0,0.0
6940,6940,0,0,0.0,0.0
6945,6945,0,0,0.0,0.0
6950,6950,0,0,0.0,0.0
6955,6955,0,0,0.0,0.0
6960,6960,0,0,0.0,0.0
6965,6965,0,0,0.0,0.0
6970,6970,0,0,0.0,0.0
6975,6975,0,0,0.0,0.0
6980,6980,0,0,0.0,0.0
6985,6985,0,0,0.0,0.0
6990,6990,0,0,0.0,0.0
6995,6995,1,0,0.0,0.0
7000,7000,1,0,0.0,0.0
7005,7005,0,0,0.0,0.0
7010,7010,0,0,0.0,0.0
7015,7015,0,0,0.0,0.0
7020,7020,0,0,0.0,0.0
7025,7025,0,0,0.0,0.0
7030,7030,0,0,0.0,0.0
7035,7035,0,0,0.0,0.0
7040,7040,0,0,0.0,0.0
7045,7045,0,0,0.0,0.0
7050,7050,0,0,0.0,0.0
7055,7055,0,0,0.0,0.0
7060,7060,0,0,0.0,0.0
7065,7065,0,0,0.0,0.0
7070,7070,0,0,0.0,0.0
7075,7075,0,0,0.0,0.0
7080,7080,0,0,0.0,0.0
7085,7085,0,0,0.0,0.0
7090,7090,0,0,0.0,0.0
7095,7095,0,0,0.0,0.0
7100,7100,0,0,0.0,0.0
7105,7105,0,0,0.0,0.0
7110,7110,0,0,0.0,0.0
7115,7115,0,0,0.0,0.0
7120,7120,0,0,0.0,0.0
7125,7125,0,0,0.0,0.0
7130,7130,0,0,0.0,0.0
7135,7135,0,0,0.0,0.0
7140,7140,0,0,0.0,0.0
7145,7145,0,0,0.0,0.0
7150,7150,0,0,0.0,0.0
7155,7155,0,0,0.0,0.0
7160,7160,0,0,0.0,0.0
7165,7165,0,0,0.0,0.0
7170,7170,0,0,0.0,0.0
7175,7175,0,0,0.0,0.0
7180,7180,0,0,0.0,0.0
7185,7185,0,0,0.0,0.0
7190,7190,0,0,0.0,0.0
7195,7195,0,0,0.0,0.0
7200,7200,0,0,0.0,0.0
7205,7205,0,0,0.0,0.0
7210,7210,0,0,0.0,0.0
7215,7215,0,0,0.0,0.0
7220,7220,0,0,0.0,0.0
7225,7225,0,0,0.0,0.0
7230,7230,0,0,0.0,0.0
7235,7235,0,0,0.0,0.0
7240,7240,0,0,0.0,0.0
7245,7245,0,0,0.0,0.0
7250,7250,0,0,0.0,0.0
7255,7255,0,0,0.0,0.0
7260,7260,0,0,0.0,0.0
7265,7265,0,0,0.0,0.0
7270,7270,0,0,0.0,0.0
7275,7275,0,0,0.0,0.0
7280,7280,0,0,0.0,0.0
7285,7285,0,0,0.0,0.0
7290,7290,0,0,0.0,0.0
7295,7295,0,0,0.0,0.0
7300,7300,0,0,0.0,0.0
7305,7305,0,0,0.0,0.0
7310,7310,0,0,0.0,0.0
7315,7315,0,0,0.0,0.0
7320,7320,0,0,0.0,0.0
7325,7325,0,0,0.0,0.0
7330,7330,0,0,0.0,0.0
7335,7335,0,0,0.0,0.0
7340,7340,0,0,0.0,0.0
7345,7345,0,0,0.0,0.0
7350,7350,0,0,0.0,0.0
7355,7355,0,0,0.0,0.0
7360,7360,0,0,0.0,0.0
7365,7365,0,0,0.0,0.0
7370,7370,0,0,0.0,0.0
7375,7375,0,0,0.0,0.0
7380,7380,0,0,0.0,0.0
7385,7385,0,0,0.0,0.0
7390,7390,0,0,0.0,0.0
7395,7395,0,0,0.0,0.0
7400,7400,0,0,0.0,0.0
7405,7405,0,0,0.0,0.0
7410,7410,0,0,0.0,0.0
7415,7415,0,0,0.0,0.0
7420,7420,0,0,0.0,0.0
7425,7425,0,0,0.0,0.0
7430,7430,0,0,0.0,0.0
7435,7435,0,0,0.0,0.0
7440,7440,0,0,0.0,0.0
7445,7445,0,0,0.0,0.0
7450,7450,0,0,0.0,0.0
7455,7455,0,0,0.0,0.0
7460,7460,0,0,0.0,0.0
7465,7465,0,0,0.0,0.0
7470,7470,0,0,0.0,0.0
7475,7475,0,0,0.0,0.0
7480,7480,0,0,0.0,0.0
7485,7485,0,0,0.0,0.0
7490,7490,0,0,0.0,0.0
7495,7495,0,0,0.0,0.0
7500,7500,0,0,0.0,0.0
7505,7505,0,0,0.0,0.0
7510,7510,0,0,0.0,0.0
7515,7515,0,0,0.0,0.0
7520,7520,0,0,0.0,0.0
7525,7525,0,0,0.0,0.0
7530,7530,0,0,0.0,0.0
7535,7535,0,0,0.0,0.0
7540,7540,0,0,0.0,0.0
7545,7545,0,0,0.0,0.0
7550,7550,0,0,0.0,0.0
7555,7555,0,0,0.0,0.0
7560,7560,0,0,0.0,0.0
7565,7565,0,0,0.0,0.0
7570,7570,0,0,0.0,0.0
7575,7575,0,0,0.0,0.0
7580,7580,0,0,0.0,0.0
7585,7585,0,0,0.0,0.0
7590,7590,0,0,0.0,0.0
7595,7595,0,0,0.0,0.0
7600,7600,0,0,0.0,0.0
7605,7605,0,0,0.0,0.0
7610,7610,0,0,0.0,0.0
7615,7615,0,0,0.0,0.0
7620,7620,0,0,0.0,0.0
7625,7625,0,0,0.0,0.0
7630,7630,0,0,0.0,0.0
7635,7635,0,0,0.0,0.0
7640,7640,0,0,0.0,0.0
7645,7645,0,0,0.0,0.0
7650,7650,0,0,0.0,0.0
7655,7655,0,0,0.0,0.0
7660,7660,0,0,0.0,0.0
7665,7665,0,0,0.0,0.0
7670,7670,0,0,0.0,0.0
7675,7675,0,0,0.0,0.0
7680,7680,0,0,0.0,0.0
7685,7685,0,0,0.0,0.0
7690,7690,0,0,0.0,0.0
7695,7695,0,0,0.0,0.0
7700,7700,0,0,0.0,0.0
7705,7705,0,0,0.0,0.0
7710,7710,0,0,0.0,0.0
7715,7715,0,0,0.0,0.0
7720,7720,0,0,0.0,0.0
7725,7725,0,0,0.0,0.0
7730,7730,0,0,0.0,0.0
7735,7735,0,0,0.0,0.0
7740,7740,0,0,0.0,0.0
7745,7745,0,0,0.0,0.0
7750,7750,0,0,0.0,0.0
7755,7755,0,0,0.0,0.0
7760,7760,0,0,0.0,0.0
7765,7765,0,0,0.0,0.0
7770,7770,0,0,0.0,0.0
7775,7775,0,0,0.0,0.0
7780,7780,0,0,0.0,0.0
7785,7785,0,0,0.0,0.0
7790,7790,0,0,0.0,0.0
7795,7795,0,0,0.0,0.0
7800,7800,0,0,0.0,0.0
7805,7805,0,0,0.0,0.0
7810,7810,0,0,0.0,0.0
7815,7815,0,0,0.0,0.0
7820,7820,0,0,0.0,0.0
7825,7825,0,0,0.0,0.0
7830,7830,0,0,0.0,0.0
7835,7835,0,0,0.0,0.0
7840,7840,0,0,0.0,0.0
7845,7845,0,0,0.0,0.0
7850,7850,0,0,0.0,0.0
7855,7855,0,0,0.0,0.0
7860,7860,0,0,0.0,0.0
7865,7865,0,0,0.0,0.0
7870,7870,0,0,0.0,0.0
7875,7875,0,0,0.0,0.0
7880,7880,0,0,0.0,0.0
7885,7885,0,0,0.0,0.0
7890,7890,0,0,0.0,0.0
7895,7895,0,0,0.0,0.0
7900,7900,0,0,0.0,0.0
7905,7905,0,0,0.0,0.0
7910,7910,0,0,0.0,0.0
7915,7915,0,0,0.0,0.0
7920,7920,0,0,0.0,0.0
7925,7925,0,0,0.0,0.0
7930,7930,0,0,0.0,0.0
7935,7935,0,0,0.0,0.0
7940,7940,0,0,0.0,0.0
7945,7945,0,0,0.0,0.0
7950,7950,0,0,0.0,0.0
7955,7955,0,0,0.0,0.0
7960,7960,0,0,0.0,0.0
7965,7965,0,0,0.0,0.0
7970,7970,0,0,0.0,0.0
7975,7975,0,0,0.0,0.0
7980,7980,0,0,0.0,0.0
7985,7985,0,0,0.0,0.0
7990,7990,0,0,0.0,0.0
7995,7995,0,0,0.0,0.0
8000,8000,0,0,0.0,0.0
8005,8005,0,0,0.0,0.0
8010,8010,0,0,0.0,0.0
8015,8015,0,0,0.0,0.0
8020,8020,0,0,0.0,0.0
8025,8025,0,0,0.0,0.0
8030,8030,0,0,0.0,0.0
8035,8035,0,0,0.0,0.0
8040,8040,0,0,0.0,0.0
8045,8045,0,0,0.0,0.0
8050,8050,0,0,0.0,0.0
8055,8055,0,0,0.0,0.0
8060,8060,0,0,0.0,0.0
8065,8065,0,0,0.0,0.0
8070,8070,0,0,0.0,0.0
8075,8075,0,0,0.0,0.0
8080,8080,0,0,0.0,0.0
8085,8085,0,0,0.0,0.0
8090,8090,0,0,0.0,0.0
8095,8095,0,0,0.0,0.0
8100,8100,0,0,0.0,0.0
8105,8105,0,0,0.0,0.0
8110,8110,0,0,0.0,0.0
8115,8115,0,0,0.0,0.0
8120,8120,0,0,0.0,0.0
8125,8125,0,0,0.0,0.0
8130,8130,0,0,0.0,0.0
8135,8135,0,0,0.0,0.0
8140,8140,0,0,0.0,0.0
8145,8145,0,0,0.0,0.0
8150,8150,0,0,0.0,0.0
8155,8155,0,0,0.0,0.0
8160,8160,0,0,0.0,0.0
8165,8165,0,0,0.0,0.0
8170,8170,0,0,0.0,0.0
8175,8175,0,0,0.0,0.0
8180,8180,0,0,0.0,0.0
8185,8185,0,0,0.0,0.0
8190,8190,0,0,0.0,0.0
8195,8195,0,0,0.0,0.0
8200,8200,0,0,0.0,0.0
8205,8205,0,0,0.0,0.0
8210,8210,0,0,0.0,0.0
8215,8215,0,0,0.0,0.0
8220,8220,0,0,0.0,0.0
8225,8225,0,0,0.0,0.0
8230,8230,0,0,0.0,0.0
8235,8235,0,0,0.0,0.0
8240,8240,0,0,0.0,0.0
8245,8245,0,0,0.0,0.0
8250,8250,0,0,0.0,0.0
8255,8255,0,0,0.0,0.0
8260,8260,0,0,0.0,0.0
8265,8265,0,0,0.0,0.0
8270,8270,0,0,0.0,0.0
8275,8275,0,0,0.0,0.0
8280,8280,0,0,0.0,0.0
8285,8285,0,0,0.0,0.0
8290,8290,0,0,0.0,0.0
8295,8295,0,0,0.0,0.0
8300,8300,0,0,0.0,0.0
8305,8305,0,0,0.0,0.0
8310,8310,0,0,0.0,0.0
8315,8315,0,0,0.0,0.0
8320,8320,0,0,0.0,0.0
8325,8325,0,0,0.0,0.0
8330,8330,0,0,0.0,0.0
8335,8335,0,0,0.0,0.0
8340,8340,0,0,0.0,0.0
8345,8345,0,0,0.0,0.0
8350,8350,0,0,0.0,0.0
8355,8355,0,0,0.0,0.0
8360,8360,0,0,0.0,0.0
8365,8365,0,0,0.0,0.0
8370,8370,0,0,0.0,0.0
8375,8375,0,0,0.0,0.0
8380,8380,0,0,0.0,0.0
8385,8385,0,0,0.0,0.0
8390,8390,0,0,0.0,0.0
8395,8395,0,0,0.0,0.0
8400,8400,0,0,0.0,0.0
8405,8405,0,0,0.0,0.0
8410,8410,0,0,0.0,0.0
8415,8415,0,0,0.0,0.0
8420,8420,0,0,0.0,0.0
8425,8425,0,0,0.0,0.0
8430,8430,0,0,0.0,0.0
8435,8435,0,0,0.0,0.0
8440,8440,0,0,0.0,0.0
8445,8445,0,0,0.0,0.0
8450,8450,0,0,0.0,0.0
8455,8455,0,0,0.0,0.0
8460,8460,0,0,0.0,0.0
8465,8465,0,0,0.0,0.0
8470,8470,0,0,0.0,0.0
8475,8475,0,0,0.0,0.0
8480,8480,0,0,0.0,0.0
8485,8485,0,0,0.0,0.0
8490,8490,0,0,0.0,0.0
8495,8495,0,0,0.0,0.0
8500,8500,0,0,0.0,0.0
8505,8505,0,0,0.0,0.0
8510,8510,0,0,0.0,0.0
8515,8515,0,0,0.0,0.0
8520,8520,0,0,0.0,0.0
8525,8525,0,0,0.0,0.0
8530,8530,0,0,0.0,0.0
8535,8535,0,0,0.0,0.0
8540,8540,0,0,0.0,0.0
8545,8545,0,0,0.0,0.0
8550,8550,0,0,0.0,0.0
8555,8555,0,0,0.0,0.0
8560,8560,0,0,0.0,0.0
8565,8565,0,0,0.0,0.0
8570,8570,0,0,0.0,0.0
8575,8575,0,0,0.0,0.0
8580,8580,0,0,0.0,0.0
8585,8585,0,0,0.0,0.0
8590,8590,0,0,0.0,0.0
8595,8595,0,0,0.0,0.0
8600,8600,0,0,0.0,0.0
8605,8605,0,0,0.0,0.0
8610,8610,0,0,0.0,0.0
8615,8615,0,0,0.0,0.0
8620,8620,0,0,0.0,0.0
8625,8625,0,0,0.0,0.0
8630,8630,0,0,0.0,0.0
8635,8635,0,0,0.0,0.0
8640,8640,0,0,0.0,0.0
8645,8645,0,0,0.0,0.0
8650,8650,0,0,0.0,0.0
8655,8655,0,0,0.0,0.0
8660,8660,0,0,0.0,0.0
8665,8665,0,0,0.0,0.0
8670,8670,0,0,0.0,0.0
8675,8675,0,0,0.0,0.0
8680,8680,0,0,0.0,0.0
8685,8685,0,0,0.0,0.0
8690,8690,0,0,0.0,0.0
8695,8695,0,0,0.0,0.0
8700,8700,0,0,0.0,0.0
8705,8705,0,0,0.0,0.0
8710,8710,0,0,0.0,0.0
8715,8715,0,0,0.0,0.0
8720,8720,0,0,0.0,0.0
8725,8725,0,0,0.0,0.0
8730,8730,0,0,0.0,0.0
8735,8735,0,0,0.0,0.0
8740,8740,0,0,0.0,0.0
8745,8745,0,0,0.0,0.0
8750,8750,0,0,0.0,0.0
8755,8755,0,0,0.0,0.0
8760,8760,0,0,0.0,0.0
8765,8765,0,0,0.0,0.0
8770,8770,0,0,0.0,0.0
8775,8775,0,0,0.0,0.0
8780,8780,0,0,0.0,0.0
8785,8785,0,0,0.0,0.0
8790,8790,0,0,0.0,0.0
8795,8795,0,0,0.0,0.0
8800,8800,0,0,0.0,0.0
8805,8805,0,0,0.0,0.0
8810,8810,0,0,0.0,0.0
8815,8815,0,0,0.0,0.0
8820,8820,0,0,0.0,0.0
8825,8825,0,0,0.0,0.0
8830,8830,0,0,0.0,0.0
8835,8835,0,0,0.0,0.0
8840,8840,0,0,0.0,0.0
8845,8845,0,0,0.0,0.0
8850,8850,0,0,0.0,0.0
8855,8855,0,0,0.0,0.0
8860,8860,0,0,0.0,0.0
8865,8865,0,0,0.0,0.0
8870,8870,0,0,0.0,0.0
8875,8875,0,0,0.0,0.0
8880,8880,0,0,0.0,0.0
8885,8885,0,0,0.0,0.0
8890,8890,0,0,0.0,0.0
8895,8895,0,0,0.0,0.0
8900,8900,0,0,0.0,0.0
8905,8905,0,0,0.0,0.0
8910,8910,0,0,0.0,0.0
8915,8915,0,0,0.0,0.0
8920,8920,0,0,0.0,0.0
8925,8925,0,0,0.0,0.0
8930,8930,0,0,0.0,0.0
8935,8935,0,0,0.0,0.0
8940,8940,0,0,0.0,0.0
8945,8945,0,0,0.0,0.0
8950,8950,0,0,0.0,0.0
8955,8955,0,0,0.0,0.0
8960,8960,0,0,0.0,0.0
8965,8965,0,0,0.0,0.0
8970,8970,0,0,0.0,0.0
8975,8975,0,0,0.0,0.0
8980,8980,0,0,0.0,0.0
8985,8985,0,0,0.0,0.0
8990,8990,0,0,0.0,0.0
8995,8995,0,0,0.0,0.0
9000,9000,0,0,0.0,0.0
9005,9005,0,0,0.0,0.0
9010,9010,0,0,0.0,0.0
9015,9015,0,0,0.0,0.0
9020,9020,0,0,0.0,0.0
9025,9025,0,0,0.0,0.0
9030,9030,0,0,0.0,0.0
9035,9035,0,0,0.0,0.0
9040,9040,0,0,0.0,0.0
9045,9045,0,0,0.0,0.0
9050,9050,0,0,0.0,0.0
9055,9055,0,0,0.0,0.0
9060,9060,0,0,0.0,0.0
9065,9065,0,0,0.0,0.0
9070,9070,0,0,0.0,0.0
9075,9075,0,0,0.0,0.0
9080,9080,0,0,0.0,0.0
9085,9085,0,0,0.0,0.0
9090,9090,0,0,0.0,0.0
9095,9095,0,0,0.0,0.0
9100,9100,0,0,0.0,0.0
9105,9105,0,0,0.0,0.0
9110,9110,0,0,0.0,0.0
9115,9115,0,0,0.0,0.0
9120,9120,0,0,0.0,0.0
9125,9125,0,0,0.0,0.0
9130,9130,0,0,0.0,0.0
9135,9135,0,0,0.0,0.0
9140,9140,0,0,0.0,0.0
9145,9145,0,0,0.0,0.0
9150,9150,0,0,0.0,0.0
9155,9155,0,0,0.0,0.0
9160,9160,0,0,0.0,0.0
9165,9165,0,0,0.0,0.0
9170,9170,0,0,0.0,0.0
9175,9175,0,0,0.0,0.0
9180,9180,0,0,0.0,0.0
9185,9185,0,0,0.0,0.0
9190,9190,0,0,0.0,0.0
9195,9195,0,0,0.0,0.0
9200,9200,0,0,0.0,0.0
9205,9205,0,0,0.0,0.0
9210,9210,0,0,0.0,0.0
9215,9215,0,0,0.0,0.0
9220,9220,0,0,0.0,0.0
9225,9225,0,0,0.0,0.0
9230,9230,0,0,0.0,0.0
9235,9235,0,0,0.0,0.0
9240,9240,0,0,0.0,0.0
9245,9245,0,0,0.0,0.0
9250,9250,0,0,0.0,0.0
9255,9255,0,0,0.0,0.0
9260,9260,0,0,0.0,0.0
9265,9265,0,0,0.0,0.0
9270,9270,0,0,0.0,0.0
9275,9275,0,0,0.0,0.0
9280,9280,0,0,0.0,0.0
9285,9285,0,0,0.0,0.0
9290,9290,0,0,0.0,0.0
9295,9295,0,0,0.0,0.0
9300,9300,0,0,0.0,0.0
9305,9305,0,0,0.0,0.0
9310,9310,0,0,0.0,0.0
9315,9315,0,0,0.0,0.0
9320,9320,0,0,0.0,0.0
9325,9325,0,0,0.0,0.0
9330,9330,0,0,0.0,0.0
9335,9335,0,0,0.0,0.0
9340,9340,0,0,0.0,0.0
9345,9345,0,0,0.0,0.0
9350,9350,0,0,0.0,0.0
9355,9355,0,0,0.0,0.0
9360,9360,0,0,0.0,0.0
9365,9365,0,0,0.0,0.0
9370,9370,0,0,0.0,0.0
9375,9375,0,0,0.0,0.0
9380,9380,0,0,0.0,0.0
9385,9385,0,0,0.0,0.0
9390,9390,0,0,0.0,0.0
9395,9395,0,0,0.0,0.0
9400,9400,0,0,0.0,0.0
9405,9405,0,0,0.0,0.0
9410,9410,0,0,0.0,0.0
9415,9415,0,0,0.0,0.0
9420,9420,0,0,0.0,0.0
9425,9425,0,0,0.0,0.0
9430,9430,0,0,0.0,0.0
9435,9435,0,0,0.0,0.0
9440,9440,0,0,0.0,0.0
9445,9445,0,0,0.0,0.0
9450,9450,0,0,0.0,0.0
9455,9455,0,0,0.0,0.0
9460,9460,0,0,0.0,0.0
9465,9465,0,0,0.0,0.0
9470,9470,0,0,0.0,0.0
9475,9475,0,0,0.0,0.0
9480,9480,0,0,0.0,0.0
9485,9485,0,0,0.0,0.0
9490,9490,0,0,0.0,0.0
9495,9495,0,0,0.0,0.0
9500,9500,0,0,0.0,0.0
9505,9505,0,0,0.0,0.0
9510,9510,0,0,0.0,0.0
9515,9515,0,0,0.0,0.0
9520,9520,0,0,0.0,0.0
9525,9525,0,0,0.0,0.0
9530,9530,0,0,0.0,0.0
9535,9535,0,0,0.0,0.0
9540,9540,0,0,0.0,0.0
9545,9545,0,0,0.0,0.0
9550,9550,0,0,0.0,0.0
9555,9555,0,0,0.0,0.0
9560,9560,0,0,0.0,0.0
9565,9565,0,0,0.0,0.0
9570,9570,0,0,0.0,0.0
9575,9575,0,0,0.0,0.0
9580,9580,0,0,0.0,0.0
9585,9585,0,0,0.0,0.0
9590,9590,0,0,0.0,0.0
9595,9595,0,0,0.0,0.0
9600,9600,0,0,0.0,0.0
9605,9605,0,0,0.0,0.0
9610,9610,0,0,0.0,0.0
9615,9615,0,0,0.0,0.0
9620,9620,0,0,0.0,0.0
9625,9625,0,0,0.0,0.0
9630,9630,0,0,0.0,0.0
9635,9635,0,0,0.0,0.0
9640,9640,0,0,0.0,0.0
9645,9645,0,0,0.0,0.0
9650,9650,0,0,0.0,0.0
9655,9655,0,0,0.0,0.0
9660,9660,0,0,0.0,0.0
9665,9665,0,0,0.0,0.0
9670,9670,0,0,0.0,0.0
9675,9675,0,0,0.0,0.0
9680,9680,0,0,0.0,0.0
9685,9685,0,0,0.0,0.0
9690,9690,0,0,0.0,0.0
9695,9695,0,0,0.0,0.0
9700,9700,0,0,0.0,0.0
9705,9705,0,0,0.0,0.0
9710,9710,0,0,0.0,0.0
9715,9715,0,0,0.0,0.0
9720,9720,0,0,0.0,0.0
9725,9725,0,0,0.0,0.0
9730,9730,0,0,0.0,0.0
9735,9735,0,0,0.0,0.0
9740,9740,0,0,0.0,0.0
9745,9745,0,0,0.0,0.0
9750,9750,0,0,0.0,0.0
9755,9755,0,0,0.0,0.0
9760,9760,0,0,0.0,0.0
9765,9765,0,0,0.0,0.0
9770,9770,0,0,0.0,0.0
9775,9775,0,0,0.0,0.0
9780,9780,0,0,0.0,0.0
9785,9785,0,0,0.0,0.0
9790,9790,0,0,0.0,0.0
9795,9795,0,0,0.0,0.0
9800,9800,0,0,0.0,0.0
9805,9805,0,0,0.0,0.0
9810,9810,0,0,0.0,0.0
9815,9815,0,0,0.0,0.0
9820,9820,0,0,0.0,0.0
9825,9825,0,0,0.0,0.0
9830,9830,0,0,0.0,0.0
9835,9835,0,0,0.0,0.0
9840,9840,0,0,0.0,0.0
9845,9845,0,0,0.0,0.0
9850,9850,0,0,0.0,0.0
9855,9855,0,0,0.0,0.0
9860,9860,0,0,0.0,0.0
9865,9865,0,0,0.0,0.0
9870,9870,0,0,0.0,0.0
9875,9875,0,0,0.0,0.0
9880,9880,0,0,0.0,0.0
9885,9885,0,0,0.0,0.0
9890,9890,0,0,0.0,0.0
9895,9895,0,0,0.0,0.0
9900,9900,0,0,0.0,0.0
9905,9905,0,0,0.0,0.0
9910,9910,0,0,0.0,0.0
9915,9915,0,0,0.0,0.0
9920,9920,0,0,0.0,0.0
9925,9925,0,0,0.0,0.0
9930,9930,0,0,0.0,0.0
9935,9935,0,0,0.0,0.0
9940,9940,0,0,0.0,0.0
9945,9945,0,0,0.0,0.0
9950,9950,0,0,0.0,0.0
9955,9955,0,0,0.0,0.0
9960,9960,0,0,0.0,0.0
9965,9965,0,0,0.0,0.0
9970,9970,0,0,0.0,0.0
9975,9975,0,0,0.0,0.0
9980,9980,0,0,0.0,0.0
9985,9985,0,0,0.0,0.0
9990,9990,0,0,0.0,0.0
9995,9995,0,0,0.0,0.0
10000,10000,0,0,0.0,0.0
